,tweetid,username,content
0,1258652194875871237,RosenthalEllery,"RT @AnimalsAus: Australia's flying foxes need us more than ever.\nAnd few people realise how desperately we need them, too. https://t.co/NmH\u2026"
1,1258652194527686663,QUBFoodProf,RT @QUBFoodProf: Major findings from study: Vit D status is strongly associated with COVID-19 mortality. Really think about what you are ea\u2026
2,1258652194523381760,wooseokluvx_,RT @withserim: OMG Woobin Jungmo Allen were featuring in this Simply K-pop COVID-19 song THEY ARE SO CUTE \U0001f602\U0001f62d\U0001f495 https://t.co/IV4SSwtJAz
3,1258652194255052805,NHCandidate2024,"RT @Gettingtrump: duh, Immune systems need proper nutrition and D is essential. Vitamin C is also a virus inhibitor.\n\nVitamin D levels may\u2026"
4,1258652194208956416,mapsofworld,"@CNN US death toll crosses 75,000\n\nLatest updates | # cases per million population\U0001f447\n\nhttps://t.co/TqfSuF2JTF\n#COVID #Covid_19"
5,1258652193961308160,jspangenthal94,RT @RossBarkan: Andrew Cuomo's approval rating has surged beyond 80 percent. New York is the global epicenter for COVID-19 and there's litt\u2026
6,1258652193755811840,Cleartrip,"@deepaliarora207 As we all know due to ongoing Covid 19 issue, we as well as airline are working with very less or\u2026 https://t.co/VrHeBfsx3e"
7,1258652192594067457,RizzieFesod,RT @tariqnasheed: Uh oh. They are about to make COVID19 the new HIV https://t.co/6rlXW5jvG5
8,1258652191935492096,DavidLeyonhjelm,RT @JordanSchachtel: Taxpayers have spent &gt;$660MM to build mobile field hospitals to treat COVID-19 patients. Most empty. Many closing. Asi\u2026
9,1258652190861922305,RockOnLiberals,"RT @markmobility: WTaF? @SecAzar blames meat plant workers for getting infected. ""They most likely contracted COVID-19 because of  the way\u2026"
10,1258652190626836483,don76715637,"RT @ErinOTooleMP: Trudeau keeps turning his back on our allies. As Prime Minister, I won't be afraid of the Communist Chinese Regime. \n\nI'l\u2026"
11,1258652190391980033,yang_amira,RT @DermatologyACD: Skin Signs of COVID-19\u201d - Fellows of the ACD have gone through the recent literature and have put together summary of s\u2026
12,1258652189586849793,JacobGudiol,@kutrinet @DavidSteadson @kassonlab @kamerlinlab @Plantbiased @KimVesto @RobinFondberg @AgnesWold @NeleBrusselaers\u2026 https://t.co/lYgoH3dHD3
13,1258652189381349376,ZaraAlam9,RT @KanFatima: Burhan Wani then Zakir Musa and now  Riyaz Naikoo. May Allah accept their Revolutionary Martyrdom for Kashmiris. Whatever In\u2026
14,1258652189289037825,Whoisjaiden,"RT @CuomoPrimeTime: Rhonda Roland Shearer is known by some as New York's patron saint of PPE. She took on $600,000 in debt to help health c\u2026"
15,1258652188680663041,ThankYouBob44,RT @FOXLA: The heat is on but Riverside County residents will soon be able to cool off. FOX 11's @HaileyBWinslow reports: https://t.co/5Etj\u2026
16,1258652188332773376,lisakeene20,"RT @JoeBiden: I can't hit the campaign trail in-person due to COVID-19 \u2014 so instead, I\u2019m traveling across the country from my home in Delaw\u2026"
17,1258652185811959809,shannoneffects1,"RT @ChanelRion: This is WAR. Tune in this Weekend to @OANN - just the facts, dates, and timelines of @realDonaldTrump's Battle against CoVI\u2026"
18,1258652185744867328,NewsHubAK,RT @TheTrentOnline: Nigerian Singer Jaywon Fined For Violating COVID-19 Curfew https://t.co/YBWNG5Zqt6 https://t.co/nDqQinnqrw
19,1258652185547599875,nemityadav1,"RT @DefenceMinIndia: Border Roads Organisation connects Kailash Mansarovar Route to China Border. \n\nWhile combating Covid-19 pandemic, BRO\u2026"
20,1258652185321226245,stirber,"RT @paulwaugh: Wow. Chief statistician repeats prof Edmunds estimate that infection rate for Covid-19 has gone UP recently, partly cos of e\u2026"
21,1258652184985698305,alice_writing,RT @NursingNotesUK: It is with great sadness we announce that nurse Karen Hutton has sadly died from COVID-19. Colleagues told us that \u201cKar\u2026
22,1258652184729788416,PeterEz40062978,RT @ndidibini: Channels TV is worse than Covid 19. Covid 19 attacks your lungs whilst Channels TV affects your brain. MNK. 6/5/20. #FreeBia\u2026
23,1258652184318808066,iam_bams,"RT @aproko_doctor: COVID-19\n\nFound in semen, can be transmitted by intercourse. Abstain\n\nFound in respiratory droplets when a person talks,\u2026"
24,1258652184130007040,Giuwulio,"RT @OatmealDome: Due to the disruption caused by COVID-19, Ninjala's release date has been postponed from May 28th to June 25th (Japan time\u2026"
